vehicle_id,route,speed_kmph,timestamp,latitude,longitude
V4641,Route-E,45.87,2026-01-26 17:35:00,17.416585,78.409444
V1364,Route-C,20.47,2026-01-25 19:28:00,13.079521,80.185493
V3660,Route-E,30.06,2026-01-24 19:06:00,13.019062,80.252011
V9853,Route-D,22.94,2026-01-22 19:38:00,17.388539,78.511057
V4173,Route-C,28.64,2026-01-25 20:12:00,17.340491,78.536935
V2469,Route-E,27.19,2026-01-21 17:30:00,17.441443,78.399383
V2983,Route-D,30.07,2026-01-20 19:48:00,17.305517,78.517119
V1828,Route-B,59.14,2026-01-24 20:55:00,17.33595,78.428462
V5115,Route-D,38.35,2026-01-23 20:10:00,17.389782,78.403248
V4877,Route-A,34.34,2026-01-26 17:19:00,13.057969,80.361699
V5310,Route-D,36.05,2026-01-26 19:10:00,13.029912,80.344263
V5710,Route-D,45.4,2026-01-23 18:53:00,12.987907,77.539948
V7133,Route-E,46.55,2026-01-21 17:15:00,13.063103,77.551983
V5560,Route-C,28.65,2026-01-24 19:25:00,13.003867,77.515157
V6871,Route-C,18.75,2026-01-21 19:05:00,13.016366,77.565674
V2321,Route-B,40.64,2026-01-22 17:30:00,17.319861,78.466236
V4293,Route-D,39.4,2026-01-20 17:12:00,13.027538,77.504499
V9930,Route-B,46.3,2026-01-24 19:42:00,12.876252,77.665611
V4640,Route-E,35.25,2026-01-24 18:48:00,12.951712,77.607886
V3608,Route-D,40.94,2026-01-22 19:07:00,28.794145,77.052907
V9183,Route-C,27.29,2026-01-20 18:32:00,13.045269,77.667805
V3607,Route-A,26.66,2026-01-25 19:46:00,12.892896,77.498771
V9410,Route-E,26.34,2026-01-21 17:54:00,28.655417,77.149663
V6175,Route-A,22.58,2026-01-23 19:55:00,13.159304,80.233247
V8859,Route-E,36.15,2026-01-20 20:30:00,28.737751,77.032315
V2393,Route-B,37.63,2026-01-20 20:16:00,18.978856,72.974955
V5447,Route-B,42.77,2026-01-21 17:05:00,13.06577,77.650368
V1363,Route-B,12.13,2026-01-23 17:43:00,12.924711,77.683787
V7410,Route-A,23.22,2026-01-25 18:37:00,17.309366,78.585996
V1888,Route-D,43.91,2026-01-22 18:07:00,13.014096,77.596702
V4575,Route-E,34.18,2026-01-25 18:33:00,28.77208,77.110264
V4173,Route-A,26.11,2026-01-24 18:43:00,19.133331,72.880959
V5616,Route-E,21.28,2026-01-25 17:33:00,12.926088,77.540355
V3081,Route-A,17.38,2026-01-25 18:39:00,13.035728,80.205923
V7393,Route-A,56.55,2026-01-26 20:38:00,12.956592,77.579202
V9934,Route-B,41.23,2026-01-24 19:58:00,28.621005,77.032944
V5494,Route-C,34.37,2026-01-22 20:17:00,13.106985,80.226324
V1874,Route-A,29.98,2026-01-21 19:25:00,19.106833,72.85842
V6748,Route-A,45.05,2026-01-24 19:12:00,19.046463,72.781631
V6496,Route-A,23.83,2026-01-22 17:52:00,17.462994,78.510198
V5709,Route-C,20.36,2026-01-23 20:07:00,17.442287,78.54572
V5653,Route-B,29.4,2026-01-26 17:18:00,28.730544,77.168774
V2211,Route-E,38.39,2026-01-20 17:45:00,18.993554,72.787588
V7638,Route-B,28.9,2026-01-24 20:30:00,19.171569,72.91888
V1503,Route-C,52.51,2026-01-25 18:19:00,13.035392,80.332007
V6759,Route-D,35.8,2026-01-26 18:37:00,19.03311,72.780951
V8300,Route-E,37.93,2026-01-20 19:50:00,13.006082,77.559505
V5891,Route-E,51.84,2026-01-20 19:08:00,13.157552,80.365997
V9643,Route-E,51.88,2026-01-24 20:25:00,19.015891,72.92495
V3625,Route-E,29.91,2026-01-23 18:22:00,17.381627,78.569997
V7377,Route-E,31.0,2026-01-23 18:22:00,28.676558,77.113062
V9989,Route-C,36.52,2026-01-22 19:38:00,17.311418,78.512359
V1130,Route-E,57.5,2026-01-25 19:29:00,19.099454,72.831901
V7553,Route-A,21.11,2026-01-26 18:45:00,28.622874,77.073924
V1228,Route-B,47.85,2026-01-20 19:44:00,12.90883,77.667733
V2529,Route-E,30.17,2026-01-26 18:08:00,13.050557,80.208243
V8378,Route-D,31.67,2026-01-23 20:57:00,19.042004,72.896352
V3081,Route-C,22.1,2026-01-22 18:11:00,13.139827,80.329539
V4035,Route-D,52.84,2026-01-23 18:37:00,28.652827,77.16375
V2201,Route-A,56.93,2026-01-21 19:05:00,19.154591,72.944535
V2457,Route-C,45.87,2026-01-26 17:57:00,28.738526,77.164717
V4696,Route-C,20.49,2026-01-24 18:37:00,28.682437,77.134737
V9503,Route-A,47.93,2026-01-23 19:33:00,19.00407,72.894402
V1453,Route-D,40.9,2026-01-21 18:45:00,28.668406,77.102529
V3359,Route-C,26.86,2026-01-21 20:58:00,13.116287,80.282525
V9564,Route-B,22.49,2026-01-22 18:09:00,17.466014,78.548019
V6872,Route-C,38.2,2026-01-20 19:36:00,19.156815,72.854809
V3107,Route-A,15.6,2026-01-25 18:57:00,19.060842,72.804895
V2647,Route-E,47.91,2026-01-21 18:25:00,12.975224,77.601056
V7484,Route-B,31.26,2026-01-24 17:06:00,28.664962,77.076256
V9038,Route-D,29.13,2026-01-22 20:44:00,13.002037,77.689747
V6472,Route-C,33.32,2026-01-26 17:04:00,17.381142,78.561982
V4316,Route-E,32.12,2026-01-21 18:38:00,13.021081,80.222435
V1339,Route-C,51.6,2026-01-23 18:03:00,17.307542,78.410729
V7554,Route-C,31.63,2026-01-21 19:45:00,17.357585,78.465633
V1190,Route-E,30.6,2026-01-23 18:40:00,17.471631,78.469506
V3593,Route-D,21.59,2026-01-23 19:28:00,12.996222,80.352463
V5378,Route-E,22.03,2026-01-22 17:09:00,19.059983,72.899605
V5223,Route-D,23.6,2026-01-26 17:05:00,12.92445,77.506054
V3421,Route-C,43.49,2026-01-25 18:22:00,13.135312,80.23618
V1328,Route-A,51.74,2026-01-26 17:12:00,13.155643,80.31389
V7155,Route-B,39.43,2026-01-22 18:05:00,28.640713,77.089035
V9982,Route-C,21.13,2026-01-24 18:15:00,18.98279,72.948782
V4391,Route-B,33.47,2026-01-20 19:36:00,17.437447,78.576574
V7491,Route-D,27.93,2026-01-26 19:36:00,13.06036,77.576544
V3733,Route-B,20.79,2026-01-25 18:08:00,17.398958,78.415965
V3763,Route-A,31.59,2026-01-24 17:19:00,18.984095,72.881429
V1844,Route-B,26.05,2026-01-22 17:46:00,13.071502,77.613281
V4887,Route-E,38.3,2026-01-26 20:19:00,28.621961,77.120334
V3673,Route-A,52.48,2026-01-21 18:05:00,17.353179,78.395141
V4325,Route-D,41.38,2026-01-25 18:53:00,13.060689,80.25375
V7687,Route-B,21.34,2026-01-25 20:49:00,13.035592,80.344703
V2493,Route-C,18.72,2026-01-23 17:57:00,17.350463,78.503671
V2205,Route-C,35.81,2026-01-23 17:15:00,19.01568,72.938003
V7787,Route-C,40.59,2026-01-22 19:53:00,19.160389,72.901205
V3343,Route-D,33.84,2026-01-26 20:14:00,28.729162,77.047762
V2621,Route-A,42.41,2026-01-21 19:26:00,17.405485,78.53767
V6904,Route-D,46.5,2026-01-23 19:21:00,13.000299,77.6845
V4179,Route-B,24.87,2026-01-21 18:30:00,12.909467,77.562781
V5593,Route-C,46.06,2026-01-20 19:10:00,28.650634,77.064526
V7211,Route-E,25.34,2026-01-20 17:33:00,28.65284,77.066062
V5078,Route-D,44.35,2026-01-22 18:12:00,13.084246,80.202106
V9756,Route-A,43.54,2026-01-24 18:19:00,28.792131,77.055488
V9747,Route-A,50.23,2026-01-23 18:54:00,12.905692,77.628914
V5034,Route-A,43.96,2026-01-22 18:46:00,13.063846,80.362985
V4289,Route-B,46.58,2026-01-25 19:50:00,19.0037,72.948884
V8352,Route-D,24.84,2026-01-23 20:09:00,13.062928,80.17982
V4122,Route-B,43.35,2026-01-21 19:03:00,12.989573,77.62394
V4404,Route-D,37.39,2026-01-26 18:03:00,13.042402,80.228002
V2052,Route-A,31.95,2026-01-20 19:42:00,17.358739,78.486008
V6095,Route-C,55.91,2026-01-25 18:35:00,13.01059,80.276259
V9505,Route-A,51.14,2026-01-26 20:19:00,13.149883,80.273276
V2180,Route-A,37.77,2026-01-21 18:51:00,28.663459,77.015513
V2763,Route-B,32.73,2026-01-25 19:02:00,12.902273,77.669816
V1678,Route-A,31.97,2026-01-25 20:22:00,19.035848,72.83388
V1895,Route-D,54.98,2026-01-20 19:11:00,19.157061,72.97157
V5871,Route-A,29.98,2026-01-23 20:55:00,13.073076,80.306066
V9987,Route-A,51.93,2026-01-22 20:50:00,28.778508,77.038956
V7327,Route-D,38.54,2026-01-23 17:32:00,19.053257,72.91818
V5318,Route-D,23.04,2026-01-20 20:55:00,13.047967,77.506508
V3980,Route-E,26.77,2026-01-21 20:32:00,17.334296,78.537643
V6989,Route-A,36.42,2026-01-21 19:39:00,12.998938,77.623724
V7004,Route-E,34.09,2026-01-25 18:47:00,12.915142,77.532873
V8406,Route-C,40.71,2026-01-23 19:26:00,17.449085,78.55901
V9436,Route-C,47.71,2026-01-22 17:16:00,28.680241,77.080467
V5875,Route-E,29.68,2026-01-26 18:30:00,12.917965,77.571528
V6708,Route-B,24.84,2026-01-23 18:04:00,28.658863,77.158302
V8261,Route-A,38.86,2026-01-26 17:02:00,19.014857,72.922072
V7316,Route-B,19.86,2026-01-22 17:32:00,12.919917,77.682302
V1544,Route-A,13.35,2026-01-23 20:49:00,12.922403,77.671979
V1742,Route-D,15.73,2026-01-25 17:42:00,13.171748,80.369756
V9979,Route-C,43.59,2026-01-22 17:58:00,17.350084,78.416196
V4528,Route-E,38.2,2026-01-21 17:26:00,17.473744,78.452748
V2496,Route-E,36.38,2026-01-21 19:16:00,28.611756,77.139026
V4148,Route-E,45.16,2026-01-24 20:33:00,17.443598,78.52916
V7055,Route-D,42.61,2026-01-21 17:43:00,28.688113,77.023516
V1712,Route-B,45.32,2026-01-25 17:01:00,19.04407,72.973645
V3649,Route-E,17.55,2026-01-20 19:12:00,13.004277,77.610822
V9247,Route-E,24.39,2026-01-22 18:01:00,17.307427,78.498208
V4863,Route-C,29.48,2026-01-24 20:36:00,17.419361,78.466578
V3409,Route-B,40.19,2026-01-25 20:02:00,28.622283,77.094636
V7104,Route-B,47.02,2026-01-23 18:46:00,28.611542,77.178586
V1178,Route-C,54.05,2026-01-21 18:32:00,17.328677,78.537621
V1516,Route-A,33.24,2026-01-22 17:11:00,28.747317,77.19338
V7482,Route-E,54.05,2026-01-25 18:28:00,17.434694,78.45517
V5068,Route-B,45.02,2026-01-24 18:54:00,19.129439,72.976872
V7561,Route-E,36.42,2026-01-21 19:30:00,28.7126,77.161769
V5026,Route-D,45.34,2026-01-23 20:20:00,19.146839,72.842249
V4974,Route-B,21.99,2026-01-21 18:38:00,17.406859,78.543666
V7956,Route-C,29.13,2026-01-25 19:44:00,19.104769,72.905652
V7725,Route-C,22.45,2026-01-26 20:14:00,28.653646,77.020349
V7356,Route-A,34.05,2026-01-23 17:41:00,13.132467,80.241631
V6194,Route-C,48.12,2026-01-25 18:21:00,19.037466,72.800812
V6258,Route-C,15.3,2026-01-24 18:34:00,28.798374,77.115685
V4591,Route-D,36.85,2026-01-20 18:32:00,28.715371,77.110255
V7763,Route-E,25.79,2026-01-21 18:03:00,17.329974,78.524881
V6275,Route-B,36.38,2026-01-26 19:31:00,28.604172,77.153698
V7569,Route-D,24.24,2026-01-20 19:21:00,13.057783,77.510458
V8641,Route-A,35.87,2026-01-23 19:26:00,17.351403,78.401108
V2129,Route-D,26.65,2026-01-24 20:27:00,18.99993,72.915405
V5553,Route-D,26.41,2026-01-24 17:59:00,17.31228,78.583815
V9365,Route-E,19.18,2026-01-22 17:00:00,28.754344,77.011805
V9599,Route-A,22.5,2026-01-22 18:03:00,13.041714,80.297201
V8454,Route-B,46.43,2026-01-24 19:50:00,12.932488,77.572236
V4163,Route-E,30.68,2026-01-22 19:15:00,28.620611,77.104288
V8472,Route-A,28.07,2026-01-20 18:13:00,19.047007,72.883473
V5849,Route-E,32.64,2026-01-23 18:55:00,17.463025,78.422406
V9160,Route-D,46.0,2026-01-20 19:12:00,13.108156,80.313357
V1060,Route-E,41.87,2026-01-20 17:58:00,19.097476,72.952796
V7866,Route-B,29.17,2026-01-24 18:57:00,19.11737,72.893367
V6563,Route-D,31.0,2026-01-21 20:15:00,13.097571,80.184084
V3546,Route-C,55.53,2026-01-26 17:54:00,17.423935,78.586574
V2145,Route-A,53.91,2026-01-21 20:26:00,28.674363,77.05414
V9788,Route-A,49.66,2026-01-25 18:42:00,12.938419,77.643214
V9461,Route-E,32.2,2026-01-24 17:27:00,19.029962,72.964582
V7023,Route-E,33.73,2026-01-21 20:46:00,17.429099,78.525493
V5860,Route-C,47.43,2026-01-25 18:58:00,17.371083,78.577644
V5936,Route-D,49.61,2026-01-24 19:24:00,13.173192,80.319928
V1154,Route-A,39.35,2026-01-22 19:13:00,19.086356,72.843078
V6296,Route-A,22.29,2026-01-26 20:14:00,19.10465,72.954184
V8424,Route-D,47.84,2026-01-25 19:13:00,17.291504,78.394161
V5942,Route-C,39.72,2026-01-23 17:49:00,12.900601,77.538457
V6641,Route-A,39.3,2026-01-20 17:23:00,19.126904,72.90409
V3612,Route-D,37.0,2026-01-21 17:34:00,28.644567,77.143285
V5436,Route-E,47.51,2026-01-26 18:03:00,19.172188,72.966427
V3735,Route-C,32.48,2026-01-20 18:04:00,13.017832,77.595012
V5535,Route-D,40.29,2026-01-26 17:38:00,13.011541,77.507095
V3523,Route-B,24.82,2026-01-23 20:22:00,19.100102,72.790892
V8318,Route-C,42.63,2026-01-23 19:29:00,17.320583,78.46163
V3941,Route-E,25.69,2026-01-23 18:20:00,17.340817,78.536077
V8891,Route-A,36.9,2026-01-21 20:15:00,17.389904,78.397036
V8162,Route-D,35.26,2026-01-24 17:19:00,28.791639,77.018235
V5314,Route-B,29.34,2026-01-21 18:54:00,13.050393,77.628973
V3985,Route-A,14.84,2026-01-23 20:58:00,19.104438,72.916494
V4267,Route-B,28.5,2026-01-21 18:40:00,13.157159,80.260155
V5369,Route-E,23.48,2026-01-20 17:54:00,13.161764,80.170854
V2151,Route-B,27.16,2026-01-25 18:05:00,17.334674,78.52733
V2684,Route-C,21.93,2026-01-22 19:13:00,17.386441,78.504013
V8343,Route-D,23.64,2026-01-23 20:13:00,28.661487,77.096831
V9785,Route-B,37.16,2026-01-21 20:51:00,13.020745,80.229964
V5488,Route-E,17.78,2026-01-24 20:03:00,12.944407,77.635798
V8289,Route-E,39.53,2026-01-23 20:37:00,13.031195,77.677931
V4294,Route-D,26.08,2026-01-24 19:27:00,13.036169,77.649315
V5914,Route-D,37.33,2026-01-26 20:23:00,13.142338,80.303756
V9248,Route-E,23.9,2026-01-20 20:24:00,19.157287,72.93827
V9200,Route-B,24.18,2026-01-26 18:39:00,13.095949,80.30072
V8661,Route-C,30.51,2026-01-26 20:53:00,12.897244,77.673903
V7781,Route-A,35.63,2026-01-23 20:12:00,28.748726,77.184087
V8677,Route-E,45.03,2026-01-25 19:44:00,12.951576,77.609091
V7203,Route-E,44.2,2026-01-24 19:53:00,13.009985,80.177095
V4206,Route-C,15.57,2026-01-25 19:36:00,12.875017,77.589772
V9672,Route-C,45.65,2026-01-23 18:58:00,28.749205,77.104659
V1910,Route-B,28.01,2026-01-24 18:59:00,13.179462,80.232407
V2873,Route-E,46.38,2026-01-21 18:53:00,12.962857,77.687889
V3828,Route-C,31.64,2026-01-24 18:22:00,13.050211,80.314364
V8292,Route-E,38.88,2026-01-24 18:20:00,13.158146,80.23404
V4269,Route-A,23.68,2026-01-24 20:34:00,19.081388,72.965138
V3288,Route-E,15.94,2026-01-26 20:16:00,13.097522,80.293058
V4607,Route-D,54.57,2026-01-21 20:28:00,28.784401,77.020708
V5744,Route-C,38.09,2026-01-24 20:29:00,13.022659,77.63987
V7502,Route-B,22.89,2026-01-22 18:24:00,18.987093,72.931894
V5844,Route-B,24.76,2026-01-24 17:40:00,12.991758,80.171516
V1341,Route-B,29.78,2026-01-20 20:49:00,12.973265,77.632524
V5136,Route-B,55.67,2026-01-20 17:15:00,19.125339,72.871607
V2923,Route-A,26.77,2026-01-25 18:19:00,19.007836,72.968044
V5795,Route-A,39.39,2026-01-24 20:30:00,19.115443,72.863729
V2505,Route-D,33.14,2026-01-22 17:05:00,12.975495,77.577882
V3227,Route-E,35.4,2026-01-25 19:57:00,19.128578,72.965915
V7952,Route-E,47.72,2026-01-20 19:50:00,12.986604,77.610956
V1047,Route-C,27.48,2026-01-22 19:37:00,12.891485,77.538357
V9422,Route-B,51.99,2026-01-20 18:32:00,28.70066,77.109182
V4307,Route-E,55.28,2026-01-26 18:04:00,13.01142,80.293977
V9428,Route-C,22.03,2026-01-20 19:47:00,13.073125,80.265317
V5247,Route-B,28.86,2026-01-26 17:44:00,12.989784,80.352221
V4407,Route-D,53.53,2026-01-25 20:03:00,17.351747,78.581781
V7353,Route-E,40.05,2026-01-26 18:47:00,17.412901,78.480922
V9797,Route-E,25.49,2026-01-23 18:55:00,13.106863,80.321384
V6955,Route-E,28.3,2026-01-26 17:32:00,13.164167,80.215481
V8045,Route-E,17.54,2026-01-20 18:54:00,13.057614,77.524434
V2301,Route-A,26.57,2026-01-24 20:10:00,28.675537,77.020108
V9479,Route-C,34.11,2026-01-21 17:37:00,19.108575,72.831351
V8325,Route-B,11.87,2026-01-24 17:47:00,28.613956,77.098684
V9862,Route-A,59.24,2026-01-20 20:54:00,13.107473,80.239228
V5991,Route-B,38.28,2026-01-20 20:39:00,17.387636,78.528042
V4702,Route-A,36.28,2026-01-24 20:37:00,28.72142,77.165278
V1265,Route-E,35.99,2026-01-24 17:56:00,18.983399,72.859093
V2385,Route-E,39.51,2026-01-26 20:25:00,13.013005,77.534603
V4378,Route-E,46.76,2026-01-23 17:21:00,12.893526,77.506888
V2101,Route-B,46.63,2026-01-21 18:50:00,28.619082,77.135374
V1367,Route-A,37.1,2026-01-20 19:36:00,19.125971,72.877937
V3798,Route-D,39.76,2026-01-21 19:53:00,17.295853,78.500289
V9201,Route-E,30.63,2026-01-24 18:57:00,17.352621,78.490037
V8893,Route-A,30.93,2026-01-20 18:43:00,19.062577,72.853625
V3418,Route-E,41.45,2026-01-26 20:47:00,19.023521,72.842101
V4681,Route-E,29.39,2026-01-22 17:08:00,12.88007,77.651745
V1434,Route-D,47.18,2026-01-23 19:49:00,28.632942,77.162683
V4571,Route-E,41.95,2026-01-25 18:00:00,17.311071,78.514253
V3585,Route-C,30.69,2026-01-24 20:50:00,19.145388,72.895295
V1186,Route-B,51.46,2026-01-22 17:28:00,17.484843,78.495369
V4057,Route-C,48.22,2026-01-23 19:05:00,28.782894,77.067661
V6217,Route-B,38.29,2026-01-22 19:06:00,19.109292,72.794406
V5419,Route-E,19.96,2026-01-26 20:38:00,19.068768,72.809942
V8267,Route-C,47.85,2026-01-25 17:56:00,13.149354,80.203085
V4210,Route-E,27.45,2026-01-23 17:03:00,13.051248,80.359498
V5355,Route-E,19.26,2026-01-20 20:20:00,13.019394,77.510551
V2480,Route-B,36.75,2026-01-25 18:54:00,12.914805,77.658035
V1434,Route-A,45.33,2026-01-23 19:45:00,13.025987,77.512461
V7108,Route-A,29.62,2026-01-21 19:32:00,17.309565,78.40033
V2042,Route-C,44.36,2026-01-25 19:05:00,19.105918,72.904525
V7209,Route-C,38.43,2026-01-22 17:56:00,12.932305,77.679065
V7591,Route-D,28.71,2026-01-26 19:24:00,13.000335,80.216967
V9237,Route-E,22.32,2026-01-25 20:40:00,19.159882,72.881219
V7009,Route-B,45.97,2026-01-24 17:18:00,19.039491,72.955969
V4743,Route-E,33.7,2026-01-24 19:38:00,28.667677,77.07658
V3876,Route-D,37.38,2026-01-22 19:17:00,12.877306,77.601891
V1873,Route-B,52.36,2026-01-24 17:56:00,18.989048,72.939058
V3559,Route-D,16.51,2026-01-25 18:38:00,12.977653,77.627351
V3908,Route-E,53.34,2026-01-26 18:16:00,28.636594,77.158392
V4870,Route-D,48.88,2026-01-21 20:54:00,17.34231,78.534751
V3713,Route-B,20.14,2026-01-22 19:21:00,19.027126,72.779728
V7944,Route-E,36.83,2026-01-22 20:43:00,28.762201,77.105804
V2692,Route-D,33.17,2026-01-23 19:51:00,12.940734,77.682444
V7068,Route-A,36.65,2026-01-24 19:52:00,17.316316,78.39996
V8103,Route-B,27.85,2026-01-22 20:56:00,17.467454,78.585082
V1463,Route-E,54.55,2026-01-20 20:43:00,17.3806,78.489149
V2908,Route-A,37.74,2026-01-25 19:31:00,17.343648,78.550244
V6225,Route-E,48.37,2026-01-26 19:54:00,13.01017,80.262382
V8973,Route-B,29.33,2026-01-26 19:34:00,19.167888,72.935622
V8274,Route-A,42.29,2026-01-24 19:06:00,28.700032,77.087558
V9901,Route-C,35.16,2026-01-20 19:31:00,19.062222,72.899625
V1746,Route-B,52.48,2026-01-26 17:38:00,17.339633,78.387352
V9569,Route-E,20.52,2026-01-22 20:25:00,28.614976,77.060499
V2318,Route-B,29.65,2026-01-26 17:55:00,12.910469,77.656318
V1658,Route-C,47.94,2026-01-22 18:37:00,17.438121,78.445442
V4303,Route-C,28.07,2026-01-21 18:26:00,17.306366,78.403327
V8872,Route-C,47.93,2026-01-24 20:03:00,17.378248,78.417198
V3684,Route-E,44.2,2026-01-23 17:10:00,19.13083,72.872883
V8314,Route-D,41.04,2026-01-22 19:33:00,28.654347,77.041898
V2596,Route-B,38.16,2026-01-26 20:34:00,19.159607,72.934503
V5721,Route-E,31.87,2026-01-25 17:38:00,13.035522,80.19716
V3872,Route-E,34.52,2026-01-21 17:11:00,18.993019,72.959933
V1862,Route-C,42.32,2026-01-22 20:25:00,19.132477,72.926866
V4652,Route-D,25.08,2026-01-25 18:48:00,28.664569,77.192571
V8429,Route-C,34.95,2026-01-25 20:38:00,28.663163,77.199945
V2519,Route-E,30.89,2026-01-21 18:30:00,12.992659,77.650885
V9965,Route-E,39.06,2026-01-23 18:39:00,17.482849,78.518524
V1578,Route-D,30.37,2026-01-21 17:12:00,13.158146,80.23227
V7439,Route-A,27.73,2026-01-20 20:06:00,19.164451,72.874705
V9730,Route-B,30.61,2026-01-22 19:46:00,19.045424,72.801976
V3090,Route-A,19.05,2026-01-22 18:23:00,13.021335,77.659863
V6808,Route-B,29.98,2026-01-22 20:47:00,12.914622,77.580707
V7308,Route-A,51.78,2026-01-24 17:31:00,17.398373,78.452108
V2012,Route-E,47.74,2026-01-24 17:27:00,13.1753,80.209892
V5216,Route-B,11.06,2026-01-25 20:21:00,12.896567,77.643478
V5794,Route-D,29.52,2026-01-22 19:37:00,19.12818,72.80999
V2459,Route-A,37.95,2026-01-20 17:31:00,13.180301,80.344532
V7323,Route-E,31.02,2026-01-21 19:10:00,28.624729,77.196434
V2060,Route-B,49.25,2026-01-20 19:43:00,19.159444,72.888288
V1253,Route-C,33.91,2026-01-26 17:03:00,28.679163,77.135617
V5008,Route-D,41.84,2026-01-24 20:03:00,28.645138,77.193757
V1079,Route-A,40.57,2026-01-20 19:24:00,12.969719,77.633571
V8939,Route-E,29.28,2026-01-24 20:41:00,28.607593,77.132695
V2196,Route-B,24.06,2026-01-23 20:00:00,13.085183,80.366228
V9831,Route-E,37.36,2026-01-24 17:47:00,19.170766,72.882363
V9746,Route-A,38.13,2026-01-24 20:02:00,13.052482,77.59138
V2639,Route-E,44.35,2026-01-25 17:12:00,28.644387,77.181103
V1640,Route-B,28.0,2026-01-22 18:38:00,28.640888,77.036374
V8035,Route-C,32.04,2026-01-21 17:29:00,19.123481,72.966456
V5347,Route-E,17.51,2026-01-21 20:31:00,28.654974,77.082549
V9821,Route-E,43.21,2026-01-24 20:16:00,13.051361,77.514006
V9882,Route-A,30.09,2026-01-22 19:57:00,28.717191,77.094576
V3784,Route-E,42.55,2026-01-24 20:44:00,12.886096,77.677426
V2245,Route-D,34.03,2026-01-20 20:54:00,12.950774,77.547294
V8406,Route-A,54.32,2026-01-25 19:41:00,13.130941,80.368953
V2382,Route-B,34.61,2026-01-24 20:10:00,12.986915,77.60136
V2648,Route-B,20.13,2026-01-20 20:02:00,28.610993,77.200066
V9585,Route-A,45.16,2026-01-21 17:42:00,17.288909,78.456805
V1335,Route-D,26.34,2026-01-25 19:34:00,17.364233,78.534788
V4663,Route-E,23.74,2026-01-26 20:08:00,17.292975,78.568482
V1726,Route-D,49.46,2026-01-24 18:04:00,19.037112,72.973959
V7392,Route-A,32.39,2026-01-24 17:38:00,13.022778,80.184402
V5314,Route-B,42.23,2026-01-26 20:45:00,13.161713,80.197597
V2806,Route-D,31.49,2026-01-21 19:54:00,28.735703,77.178915
V9691,Route-C,30.55,2026-01-26 19:43:00,13.001214,80.23841
V8896,Route-E,28.16,2026-01-22 18:59:00,28.721665,77.030389
V4035,Route-A,15.85,2026-01-23 18:37:00,19.164283,72.958816
V8777,Route-E,23.99,2026-01-23 17:36:00,17.392635,78.577532
V7040,Route-D,40.74,2026-01-26 17:22:00,17.322651,78.487876
V4265,Route-B,23.98,2026-01-22 19:18:00,13.003165,77.584205
V5999,Route-C,23.87,2026-01-23 18:45:00,12.940972,77.564462
V4270,Route-E,37.82,2026-01-26 19:58:00,19.148828,72.966759
V5723,Route-E,32.11,2026-01-23 18:23:00,28.763263,77.201366
V1444,Route-A,20.24,2026-01-25 19:54:00,17.384438,78.570294
V9439,Route-A,51.22,2026-01-25 20:29:00,13.054819,77.66779
V8641,Route-A,35.02,2026-01-24 19:52:00,12.928083,77.590501
V1825,Route-D,38.09,2026-01-26 20:56:00,17.466258,78.501431
V4818,Route-B,53.26,2026-01-25 17:33:00,13.022286,80.236117
V8457,Route-D,39.36,2026-01-20 18:02:00,13.101218,80.176669
V6284,Route-A,23.1,2026-01-25 19:50:00,12.941887,77.694551
V7433,Route-A,34.27,2026-01-23 20:58:00,19.038062,72.971687
V6409,Route-A,17.44,2026-01-20 19:59:00,19.11033,72.884302
V1122,Route-E,26.66,2026-01-21 20:44:00,17.404448,78.503445
V5052,Route-C,41.34,2026-01-21 20:43:00,28.622469,77.097038
V5417,Route-C,44.96,2026-01-25 19:18:00,17.423956,78.505576
V6703,Route-D,26.68,2026-01-23 18:01:00,13.016164,77.49767
V3819,Route-E,41.5,2026-01-21 19:13:00,13.129305,80.265987
V5631,Route-B,26.02,2026-01-23 17:34:00,17.290222,78.520806
V1735,Route-B,23.4,2026-01-20 19:58:00,19.168197,72.891643
V6117,Route-C,44.36,2026-01-25 17:10:00,17.354203,78.54876
V8466,Route-D,36.22,2026-01-22 20:16:00,28.740827,77.125616
V8162,Route-B,47.17,2026-01-21 18:58:00,19.055668,72.832029
V1875,Route-D,44.43,2026-01-26 17:49:00,28.648338,77.116396
V5068,Route-B,34.44,2026-01-20 19:53:00,12.956402,77.65809
V4861,Route-A,38.93,2026-01-24 19:47:00,28.742186,77.098278
V3516,Route-B,25.57,2026-01-23 20:18:00,28.77157,77.098825
V8153,Route-B,48.3,2026-01-20 17:48:00,13.046237,80.282233
V1350,Route-B,44.91,2026-01-24 18:51:00,13.027336,80.173004
V1002,Route-B,34.1,2026-01-26 19:39:00,19.050572,72.782477
V5538,Route-C,16.06,2026-01-20 19:58:00,19.127935,72.9611
V4878,Route-E,16.15,2026-01-22 17:17:00,13.044806,77.658959
V3732,Route-D,55.77,2026-01-21 18:16:00,28.79964,77.172496
V9293,Route-A,20.74,2026-01-22 20:33:00,17.479903,78.408977
V9517,Route-A,49.46,2026-01-22 17:00:00,19.168226,72.921403
V4087,Route-E,27.54,2026-01-22 17:03:00,19.161525,72.976001
V1574,Route-A,30.85,2026-01-21 19:56:00,28.697598,77.160376
V9508,Route-A,33.24,2026-01-26 17:41:00,19.161234,72.841332
V1220,Route-B,41.9,2026-01-24 18:05:00,17.474008,78.505288
V8898,Route-D,39.1,2026-01-26 18:11:00,19.093719,72.842621
V2474,Route-A,43.81,2026-01-21 20:40:00,28.796841,77.027449
V8465,Route-C,35.14,2026-01-20 20:12:00,28.703842,77.140546
V6233,Route-A,33.01,2026-01-23 18:18:00,17.337601,78.398065
V9546,Route-B,36.08,2026-01-23 17:18:00,13.137354,80.192355
V1748,Route-B,14.2,2026-01-21 18:51:00,13.181638,80.332626
V8592,Route-A,23.93,2026-01-22 19:51:00,19.167796,72.945053
V1511,Route-B,55.72,2026-01-23 18:22:00,17.291386,78.458159
V2011,Route-D,44.18,2026-01-26 20:18:00,12.876584,77.577016
V3406,Route-B,41.29,2026-01-24 19:41:00,17.392963,78.39003
V5577,Route-B,38.04,2026-01-21 17:10:00,19.118404,72.790589
V3451,Route-E,29.24,2026-01-26 17:32:00,18.991379,72.865725
V8383,Route-C,33.83,2026-01-26 17:26:00,28.660182,77.103978
V6312,Route-E,46.14,2026-01-26 19:27:00,28.701397,77.08478
V1804,Route-C,30.74,2026-01-22 19:36:00,17.452775,78.56769
V1773,Route-D,27.07,2026-01-21 17:38:00,12.914474,77.688091
V3497,Route-E,48.74,2026-01-20 17:18:00,19.033676,72.891484
V3513,Route-C,44.41,2026-01-23 17:05:00,19.073647,72.812285
V2989,Route-C,25.25,2026-01-21 18:11:00,13.153108,80.302513
V4250,Route-D,27.15,2026-01-24 20:08:00,28.708314,77.023095
V6569,Route-B,37.08,2026-01-23 17:36:00,17.324968,78.509742
V9222,Route-C,38.92,2026-01-20 19:54:00,17.354226,78.571591
V5355,Route-E,43.29,2026-01-24 17:50:00,17.429263,78.564568
V7842,Route-A,43.8,2026-01-23 19:23:00,13.036957,77.69427
V2379,Route-C,22.25,2026-01-26 17:43:00,13.106561,80.259885
V9320,Route-B,20.76,2026-01-23 20:12:00,13.019466,77.620059
V3270,Route-B,55.61,2026-01-25 19:03:00,17.333838,78.576975
V8592,Route-C,41.22,2026-01-25 18:11:00,12.985536,80.291412
V4586,Route-A,29.31,2026-01-20 19:07:00,17.437175,78.509006
V7533,Route-B,36.09,2026-01-24 20:53:00,28.70124,77.198769
V6667,Route-C,51.41,2026-01-23 19:35:00,19.052916,72.877131
V2545,Route-E,38.78,2026-01-26 18:53:00,17.374488,78.412968
V4878,Route-A,35.04,2026-01-26 17:54:00,13.03695,80.279995
V3275,Route-C,21.83,2026-01-20 17:17:00,13.172086,80.178317
V4434,Route-E,39.85,2026-01-25 19:18:00,17.319682,78.504701
V6885,Route-E,51.92,2026-01-20 18:09:00,17.428687,78.387766
V6255,Route-B,27.81,2026-01-20 19:56:00,13.037131,77.529406
V2670,Route-C,28.5,2026-01-23 17:31:00,28.617283,77.186646
V9465,Route-C,34.29,2026-01-24 20:25:00,17.409458,78.41731
V4472,Route-D,21.41,2026-01-24 17:35:00,19.057922,72.932298
V9087,Route-A,55.32,2026-01-26 17:09:00,12.991452,80.270545
V7867,Route-A,39.83,2026-01-25 20:45:00,17.321844,78.403238
V9293,Route-B,28.7,2026-01-23 18:18:00,13.028456,80.30209
V6683,Route-A,45.15,2026-01-21 17:42:00,13.166801,80.193131
V4642,Route-E,34.54,2026-01-25 19:59:00,19.086151,72.818543
V6787,Route-E,42.8,2026-01-20 20:07:00,17.342274,78.509322
V7031,Route-A,47.52,2026-01-23 20:15:00,12.90742,77.597016
V4744,Route-D,34.47,2026-01-22 20:00:00,28.760926,77.041744
V7872,Route-D,23.63,2026-01-24 19:46:00,12.994623,77.658662
V3114,Route-E,36.22,2026-01-24 20:58:00,28.658508,77.192147
V7422,Route-D,20.16,2026-01-26 19:01:00,13.148828,80.236754
V2181,Route-B,42.73,2026-01-21 18:24:00,17.427401,78.488216
V3999,Route-C,41.33,2026-01-20 20:30:00,18.995661,72.85007
V7226,Route-C,49.76,2026-01-21 17:58:00,28.659993,77.165027
V2510,Route-A,21.0,2026-01-21 19:12:00,28.624225,77.030133
V8023,Route-D,27.77,2026-01-25 17:23:00,19.121051,72.808634
V5027,Route-D,34.74,2026-01-26 20:29:00,13.060964,77.520269
V1654,Route-B,23.52,2026-01-26 17:43:00,17.386379,78.47274
V9217,Route-B,28.26,2026-01-23 18:53:00,18.993559,72.861334
V3514,Route-C,39.76,2026-01-24 19:31:00,13.026285,80.313052
V2883,Route-D,36.97,2026-01-26 18:50:00,12.984794,80.253437
V5658,Route-A,30.56,2026-01-26 19:42:00,13.038405,77.531201
V1212,Route-E,22.63,2026-01-25 17:31:00,13.173307,80.267389
V7822,Route-B,21.59,2026-01-24 19:07:00,19.158686,72.962427
V8693,Route-E,32.84,2026-01-23 20:23:00,17.399525,78.506144
V8079,Route-E,41.55,2026-01-26 19:27:00,19.119162,72.870511
V5086,Route-E,30.25,2026-01-20 20:41:00,19.014315,72.922413
V6728,Route-B,36.75,2026-01-25 20:51:00,13.04846,77.669456
V2731,Route-E,36.22,2026-01-26 18:34:00,19.111828,72.975842
V9312,Route-B,36.41,2026-01-23 17:26:00,13.067015,80.297478
V4738,Route-C,33.06,2026-01-26 18:28:00,13.034824,77.510858
V1966,Route-C,25.44,2026-01-22 17:10:00,28.79172,77.04768
V8910,Route-A,13.42,2026-01-20 20:14:00,13.027528,80.344559
V7476,Route-B,46.55,2026-01-26 17:27:00,17.470497,78.537029
V2983,Route-E,32.47,2026-01-24 18:40:00,17.443922,78.568257
V3551,Route-A,41.69,2026-01-26 19:37:00,17.476199,78.399274
V4615,Route-C,27.54,2026-01-20 18:54:00,12.971982,77.546877
V5820,Route-A,41.87,2026-01-23 19:17:00,12.988291,77.609446
V1412,Route-B,32.0,2026-01-22 19:29:00,28.737558,77.013727
V1603,Route-A,45.76,2026-01-26 19:43:00,19.135993,72.783069
V7794,Route-C,47.12,2026-01-22 20:40:00,13.038306,80.368321
V4124,Route-D,52.12,2026-01-22 18:12:00,19.041428,72.963842
V7692,Route-C,52.91,2026-01-26 17:17:00,13.11184,80.311614
V1030,Route-E,26.18,2026-01-22 19:24:00,13.172837,80.343389
V7525,Route-C,22.21,2026-01-22 20:22:00,19.052598,72.877329
V3087,Route-C,55.61,2026-01-23 17:26:00,13.052081,80.18151
V7208,Route-A,31.62,2026-01-25 18:11:00,17.467595,78.544158
V3461,Route-D,33.11,2026-01-23 20:08:00,19.041175,72.90847
V2300,Route-E,23.88,2026-01-25 20:53:00,12.90973,77.580879
V2350,Route-D,37.62,2026-01-25 20:36:00,13.032418,77.503319
V9331,Route-D,44.85,2026-01-24 20:43:00,19.102901,72.932174
V2914,Route-D,35.0,2026-01-26 20:40:00,17.366673,78.397674
V3281,Route-A,43.98,2026-01-24 19:33:00,28.785474,77.01812
V6460,Route-C,23.82,2026-01-22 20:09:00,28.72145,77.200841
V3309,Route-E,38.65,2026-01-20 20:49:00,17.302504,78.497737
V9623,Route-E,37.17,2026-01-26 20:41:00,13.040931,77.513238
V8327,Route-C,30.15,2026-01-25 18:00:00,13.050795,80.312448
V9316,Route-C,46.01,2026-01-21 19:05:00,28.711297,77.101532
V3430,Route-E,23.74,2026-01-23 18:05:00,17.39024,78.553059
V8459,Route-C,39.38,2026-01-20 20:23:00,17.389139,78.41216
V3450,Route-C,37.14,2026-01-22 20:47:00,12.901054,77.514335
V7965,Route-C,38.41,2026-01-20 17:30:00,28.613831,77.200116
V6329,Route-A,18.49,2026-01-23 19:28:00,13.003586,80.296168
V7986,Route-C,27.84,2026-01-21 17:13:00,19.159855,72.797856
V2865,Route-E,19.92,2026-01-23 19:37:00,28.637799,77.18424
V3494,Route-B,14.34,2026-01-22 17:01:00,12.971138,77.55457
V5688,Route-C,45.78,2026-01-26 20:56:00,28.674988,77.181593
V2535,Route-E,26.83,2026-01-20 20:13:00,19.053958,72.870971
V5713,Route-E,21.67,2026-01-25 19:43:00,19.168489,72.85039
V7945,Route-D,36.3,2026-01-21 18:58:00,13.084955,80.364835
V5866,Route-E,45.17,2026-01-21 19:50:00,17.441225,78.411576
V3894,Route-E,18.61,2026-01-22 18:17:00,19.137343,72.871128
V5479,Route-E,23.55,2026-01-22 17:27:00,19.01084,72.945261
V8064,Route-C,25.45,2026-01-25 18:18:00,17.400368,78.439446
V9268,Route-A,35.94,2026-01-20 17:04:00,28.777536,77.044411
V3745,Route-B,43.16,2026-01-23 20:28:00,17.364949,78.535213
V9675,Route-A,29.89,2026-01-23 18:43:00,13.045031,80.358917
V8303,Route-C,41.52,2026-01-25 18:50:00,12.917777,77.662393
V5034,Route-C,23.57,2026-01-25 18:29:00,17.42481,78.397959
V4900,Route-A,43.28,2026-01-24 18:45:00,13.030474,77.608225
V7370,Route-A,32.03,2026-01-25 17:52:00,19.014353,72.803159
V3164,Route-D,26.41,2026-01-23 19:27:00,28.666927,77.082729
V5659,Route-B,17.86,2026-01-22 19:54:00,28.717309,77.00635
V8169,Route-A,35.48,2026-01-22 18:07:00,13.155086,80.298118
V3830,Route-B,48.74,2026-01-20 17:15:00,12.87888,77.540979
V1215,Route-E,33.35,2026-01-25 17:13:00,17.411337,78.390155
V6778,Route-C,24.91,2026-01-23 17:41:00,28.705953,77.147252
V6358,Route-B,40.58,2026-01-22 18:36:00,13.04196,77.504907
V3343,Route-B,13.23,2026-01-24 17:44:00,17.290712,78.574279
V9073,Route-C,16.82,2026-01-21 18:16:00,13.057015,80.330205
V1414,Route-A,21.8,2026-01-22 18:53:00,12.944501,77.691798
V3804,Route-B,51.65,2026-01-22 20:20:00,12.896992,77.498006
V5207,Route-E,47.63,2026-01-24 18:09:00,13.136123,80.278971
V6679,Route-A,23.11,2026-01-21 19:22:00,19.1109,72.89274
V4366,Route-A,32.89,2026-01-26 20:19:00,19.169329,72.83406
V7131,Route-D,54.4,2026-01-22 19:19:00,28.61107,77.16378
V3302,Route-B,34.52,2026-01-20 17:55:00,19.142259,72.916116
V8659,Route-A,36.53,2026-01-24 19:48:00,19.009331,72.846654
V4893,Route-C,47.92,2026-01-23 17:14:00,17.475214,78.585107
V7029,Route-A,41.92,2026-01-23 20:05:00,17.346928,78.51301
V5475,Route-D,42.96,2026-01-24 18:46:00,13.090041,80.345019
V5100,Route-E,37.77,2026-01-21 17:42:00,28.746063,77.184448
V9631,Route-E,40.76,2026-01-26 19:26:00,17.389859,78.413316
V8212,Route-E,32.77,2026-01-22 18:42:00,12.90045,77.593953
V7555,Route-E,42.53,2026-01-23 17:25:00,28.607844,77.02375
V8548,Route-B,33.76,2026-01-23 18:28:00,28.795598,77.151745
V6134,Route-E,36.33,2026-01-20 19:12:00,19.005171,72.874302
V1226,Route-A,36.18,2026-01-26 17:21:00,13.054315,77.565249
V2390,Route-A,21.34,2026-01-24 19:33:00,12.988755,77.605525
V4825,Route-D,49.79,2026-01-24 18:49:00,13.127904,80.318172
V4224,Route-D,42.11,2026-01-21 17:46:00,28.613305,77.086566
V9020,Route-A,23.71,2026-01-23 17:28:00,17.299104,78.434636
V2695,Route-D,16.1,2026-01-20 20:44:00,17.399494,78.434352
V5617,Route-D,27.8,2026-01-21 19:24:00,28.790103,77.100755
V4381,Route-D,35.26,2026-01-26 20:16:00,17.333155,78.501548
V4819,Route-D,30.98,2026-01-26 18:48:00,19.155055,72.899706
V3868,Route-D,57.52,2026-01-25 18:45:00,12.872916,77.561346
V3147,Route-C,29.72,2026-01-25 20:26:00,28.624658,77.19195
V6233,Route-A,26.57,2026-01-22 18:52:00,13.038837,77.502522
V6294,Route-C,29.47,2026-01-21 18:11:00,12.873577,77.677222
V9764,Route-E,21.04,2026-01-21 17:15:00,13.040172,80.178293
V9685,Route-D,41.05,2026-01-23 18:09:00,17.395775,78.402376
V9976,Route-B,27.29,2026-01-25 20:31:00,17.36764,78.430441
V6190,Route-C,41.91,2026-01-25 18:41:00,28.737024,77.101271
V4519,Route-C,52.07,2026-01-21 17:11:00,13.157109,80.175694
V5686,Route-D,37.72,2026-01-22 17:20:00,18.999724,72.828557
V4148,Route-C,28.44,2026-01-24 18:00:00,13.028834,80.286901
V5851,Route-D,52.27,2026-01-25 18:09:00,17.295387,78.39437
V5375,Route-D,41.15,2026-01-22 17:56:00,13.114973,80.318007
V3826,Route-E,44.09,2026-01-20 20:56:00,28.745012,77.072367
V2384,Route-B,29.65,2026-01-23 19:08:00,28.76757,77.099135
V5787,Route-A,41.66,2026-01-24 19:39:00,28.723222,77.066867
V3294,Route-D,46.99,2026-01-21 18:39:00,12.998603,80.219094
V7842,Route-C,44.34,2026-01-23 17:12:00,17.452228,78.519151
V1504,Route-A,24.03,2026-01-20 20:18:00,17.350109,78.542385
V4596,Route-C,31.44,2026-01-22 17:30:00,18.976132,72.882905
V7637,Route-C,20.82,2026-01-23 18:01:00,28.670789,77.064952
V9700,Route-B,25.02,2026-01-21 18:51:00,19.111781,72.857912
V6276,Route-D,23.94,2026-01-25 17:29:00,18.976909,72.848215
V5876,Route-B,41.36,2026-01-20 20:19:00,13.064189,80.363678
V1608,Route-B,41.51,2026-01-21 18:51:00,13.049246,80.266933
V5895,Route-E,33.69,2026-01-25 18:54:00,28.610967,77.127624
V4234,Route-D,38.57,2026-01-26 18:58:00,28.795519,77.046231
V7380,Route-A,31.16,2026-01-20 17:56:00,13.024652,80.232385
V8801,Route-E,47.73,2026-01-21 17:50:00,28.747538,77.172797
V4500,Route-D,28.01,2026-01-20 20:13:00,19.082549,72.955389
V4149,Route-E,26.07,2026-01-21 20:31:00,17.472349,78.478156
V3825,Route-E,36.2,2026-01-23 18:56:00,12.940391,77.589157
V3592,Route-E,51.29,2026-01-24 18:13:00,17.324208,78.568774
V6558,Route-B,44.85,2026-01-23 20:43:00,13.067805,80.227428
V5517,Route-D,27.51,2026-01-20 19:15:00,18.981288,72.862896
V5772,Route-C,37.42,2026-01-24 20:27:00,19.042121,72.861032
V9092,Route-A,13.85,2026-01-20 17:17:00,19.022067,72.790579
V3430,Route-A,43.43,2026-01-25 19:09:00,12.966013,77.656443
V5837,Route-E,35.32,2026-01-22 19:50:00,13.058508,77.566699
V5807,Route-D,34.6,2026-01-21 18:06:00,12.99017,77.536081
V8740,Route-E,40.03,2026-01-25 17:57:00,19.09153,72.888077
V8296,Route-C,33.25,2026-01-21 19:46:00,19.022427,72.881456
V2357,Route-C,39.74,2026-01-24 20:35:00,17.330986,78.502498
V9844,Route-B,30.8,2026-01-22 20:40:00,13.17684,80.285369
V9855,Route-A,39.69,2026-01-25 18:10:00,13.044575,80.22536
V9751,Route-E,46.94,2026-01-20 17:22:00,12.990982,80.298488
V5904,Route-D,38.07,2026-01-23 17:13:00,13.023281,77.682691
V6799,Route-A,44.93,2026-01-23 20:20:00,28.794645,77.129434
V9873,Route-C,53.97,2026-01-24 19:53:00,12.933414,77.512241
V7276,Route-D,26.73,2026-01-25 19:23:00,13.053858,77.628823
V2720,Route-E,24.84,2026-01-23 19:10:00,28.734013,77.035155
V9991,Route-E,45.52,2026-01-23 17:29:00,12.930145,77.613356
V8854,Route-B,42.74,2026-01-25 19:26:00,19.073991,72.946894
V9258,Route-A,13.24,2026-01-24 19:50:00,19.003142,72.804249
V6886,Route-A,34.94,2026-01-24 19:19:00,12.895553,77.663138
V6096,Route-B,20.18,2026-01-26 19:47:00,17.343151,78.43728
V9146,Route-B,23.57,2026-01-21 19:33:00,12.955628,77.631507
V5106,Route-A,23.45,2026-01-22 19:43:00,28.698636,77.06177
V2098,Route-E,48.38,2026-01-26 17:49:00,13.027779,77.560084
V6977,Route-B,40.59,2026-01-21 19:51:00,19.118671,72.896645
V1307,Route-C,21.45,2026-01-26 20:29:00,13.061946,80.320437
V9555,Route-C,48.46,2026-01-20 18:07:00,13.04657,77.628462
V2260,Route-D,27.17,2026-01-24 20:54:00,12.976263,77.620332
V2655,Route-A,39.48,2026-01-22 20:12:00,28.70305,77.040965
V9729,Route-D,56.34,2026-01-20 18:02:00,28.743071,77.10126
V6920,Route-E,22.27,2026-01-20 17:14:00,17.423944,78.509744
V4872,Route-E,44.92,2026-01-23 17:51:00,17.34796,78.48523
V9178,Route-E,45.02,2026-01-22 20:40:00,13.089719,80.359057
V4034,Route-A,52.87,2026-01-23 17:15:00,12.994978,80.242819
V1972,Route-C,31.45,2026-01-22 19:36:00,28.726849,77.044103
V3303,Route-C,22.88,2026-01-21 20:44:00,19.10666,72.910738
V6170,Route-C,38.02,2026-01-25 20:48:00,13.161881,80.322569
V4576,Route-B,21.16,2026-01-24 20:42:00,17.336363,78.394429
V5194,Route-C,31.06,2026-01-23 19:09:00,19.015771,72.842194
V5017,Route-E,27.14,2026-01-23 18:54:00,17.324692,78.537649
V7763,Route-D,26.02,2026-01-21 20:00:00,17.286611,78.461306
V8328,Route-D,46.9,2026-01-23 19:13:00,17.433003,78.427412
V6641,Route-C,38.04,2026-01-22 20:36:00,19.158441,72.84781
V8484,Route-E,42.6,2026-01-24 17:36:00,12.924922,77.644828
V9788,Route-E,47.64,2026-01-25 18:53:00,28.743772,77.023466
V6861,Route-D,33.25,2026-01-20 19:31:00,19.01834,72.91919
V5762,Route-A,27.61,2026-01-22 19:04:00,13.047905,77.615905
V8791,Route-B,19.14,2026-01-26 19:54:00,19.002631,72.867938
V5518,Route-C,25.53,2026-01-21 17:40:00,17.330095,78.585422
V9678,Route-A,29.76,2026-01-26 19:45:00,28.68065,77.138838
V2236,Route-A,39.36,2026-01-23 17:55:00,12.909913,77.657845
V4948,Route-D,32.38,2026-01-22 18:15:00,28.634784,77.071201
V9979,Route-A,55.17,2026-01-24 19:49:00,12.970829,77.616314
V5542,Route-C,18.66,2026-01-26 18:45:00,13.169726,80.350017
V5553,Route-B,49.74,2026-01-22 19:37:00,28.673602,77.02468
V3374,Route-E,28.01,2026-01-25 20:41:00,13.036479,80.276484
V7837,Route-D,23.68,2026-01-20 20:16:00,13.049025,80.221421
V9388,Route-C,40.19,2026-01-23 18:57:00,13.057619,77.674306
V6769,Route-C,31.96,2026-01-20 20:45:00,13.109168,80.244434
V6624,Route-E,51.18,2026-01-20 19:35:00,17.439902,78.509088
V5542,Route-E,28.46,2026-01-23 18:20:00,13.100388,80.287394
V2121,Route-C,25.32,2026-01-22 20:42:00,19.148444,72.786904
V6040,Route-C,30.27,2026-01-26 20:05:00,28.644509,77.059079
V9381,Route-D,14.81,2026-01-22 18:42:00,28.799366,77.115544
V6134,Route-A,48.03,2026-01-24 17:22:00,19.054422,72.844897
V6980,Route-E,57.54,2026-01-25 19:07:00,17.287153,78.405665
V6766,Route-A,40.18,2026-01-26 19:45:00,19.13244,72.783991
V5264,Route-D,42.44,2026-01-21 19:52:00,17.288666,78.437312
V9332,Route-B,43.0,2026-01-24 18:42:00,13.040107,80.257242
V4604,Route-E,14.33,2026-01-20 17:35:00,12.985085,80.206488
V9251,Route-D,24.97,2026-01-20 20:45:00,28.755746,77.050873
V6509,Route-E,34.16,2026-01-21 18:53:00,28.613901,77.184227
V8224,Route-B,29.61,2026-01-25 19:32:00,13.173242,80.208264
V5500,Route-D,35.8,2026-01-21 19:08:00,13.04053,77.558744
V6164,Route-C,52.62,2026-01-26 19:55:00,13.090279,80.182037
V4701,Route-E,21.72,2026-01-24 19:45:00,19.044646,72.857976
V4625,Route-D,30.82,2026-01-26 20:58:00,13.04561,80.279694
V9075,Route-D,29.93,2026-01-22 18:07:00,17.415935,78.46869
V5442,Route-A,35.62,2026-01-25 17:26:00,13.086021,80.324323
V4889,Route-A,42.86,2026-01-26 18:07:00,19.029144,72.818451
V3753,Route-B,27.48,2026-01-24 19:56:00,12.926298,77.645798
V1437,Route-E,44.8,2026-01-20 17:43:00,19.041901,72.870275
V6850,Route-B,33.71,2026-01-20 20:59:00,28.716048,77.199046
V8075,Route-E,45.36,2026-01-26 19:52:00,17.380702,78.442829
V8461,Route-A,39.56,2026-01-20 18:12:00,13.115463,80.342936
V9928,Route-A,38.3,2026-01-26 18:06:00,17.295066,78.528967
V6058,Route-D,24.02,2026-01-23 18:35:00,28.747882,77.024231
V4584,Route-B,42.68,2026-01-24 17:28:00,19.133367,72.911254
V3507,Route-E,25.14,2026-01-24 18:30:00,12.918826,77.669965
V1431,Route-B,41.15,2026-01-23 17:44:00,13.054594,80.297333
V7757,Route-E,41.75,2026-01-26 18:30:00,17.436326,78.478219
V6843,Route-E,21.01,2026-01-26 20:00:00,28.721716,77.179832
V4382,Route-D,39.81,2026-01-22 17:12:00,17.41931,78.399636
V3691,Route-B,34.77,2026-01-20 19:22:00,12.900374,77.504681
V3664,Route-C,42.96,2026-01-21 20:23:00,19.076048,72.926022
V8559,Route-E,27.16,2026-01-22 19:09:00,17.353016,78.51411
V2983,Route-E,39.05,2026-01-24 17:52:00,18.990566,72.780447
V5330,Route-B,24.1,2026-01-22 19:25:00,19.054297,72.783424
V6505,Route-B,24.64,2026-01-23 17:36:00,12.945907,77.654337
V2356,Route-E,47.88,2026-01-26 17:55:00,12.975843,77.587353
V1170,Route-D,25.28,2026-01-22 19:29:00,17.404224,78.430528
V9735,Route-C,23.34,2026-01-21 18:11:00,17.316675,78.458807
V9271,Route-E,32.28,2026-01-26 18:37:00,13.014414,80.180263
V6925,Route-C,22.32,2026-01-25 17:47:00,12.880867,77.593245
V1240,Route-D,56.88,2026-01-24 18:45:00,17.479099,78.537803
V4471,Route-B,21.46,2026-01-26 18:09:00,19.164254,72.875462
V8146,Route-D,48.45,2026-01-20 20:00:00,19.06956,72.782077
V6513,Route-B,35.88,2026-01-25 20:59:00,13.116887,80.262732
V4372,Route-B,45.42,2026-01-25 17:49:00,17.299889,78.476519
V9040,Route-D,52.71,2026-01-21 17:45:00,17.368522,78.444414
V5450,Route-D,54.69,2026-01-22 20:40:00,13.166146,80.289797
V1714,Route-A,44.72,2026-01-22 20:36:00,28.67345,77.016566
V3097,Route-E,41.13,2026-01-26 19:09:00,28.657667,77.069935
V7245,Route-C,28.69,2026-01-26 20:13:00,17.38938,78.560571
V5458,Route-A,29.82,2026-01-25 18:16:00,28.738052,77.193351
V9396,Route-B,21.85,2026-01-24 19:20:00,12.94876,77.524481
V1110,Route-A,39.72,2026-01-21 20:23:00,28.772937,77.038748
V8269,Route-E,32.65,2026-01-24 19:09:00,19.143545,72.792757
V6631,Route-C,23.52,2026-01-23 17:16:00,18.984494,72.901338
V4411,Route-B,45.42,2026-01-22 19:37:00,13.0336,80.220786
V2175,Route-A,42.08,2026-01-26 18:43:00,28.743197,77.008176
V5840,Route-E,37.61,2026-01-24 18:33:00,17.310601,78.423275
V9636,Route-B,31.3,2026-01-23 19:55:00,17.455247,78.581117
V1758,Route-C,33.18,2026-01-22 17:41:00,19.128281,72.922524
V2724,Route-D,17.28,2026-01-20 18:21:00,19.114397,72.965167
V3612,Route-E,39.92,2026-01-23 18:10:00,12.884937,77.534905
V3539,Route-A,32.11,2026-01-21 17:05:00,28.668443,77.05457
V1866,Route-B,45.92,2026-01-21 20:07:00,12.98885,80.238909
V6486,Route-C,29.27,2026-01-22 18:41:00,28.690441,77.169952
V5346,Route-E,41.22,2026-01-25 18:17:00,17.426242,78.45872
V8173,Route-A,36.88,2026-01-20 19:27:00,28.744579,77.029077
V9082,Route-A,49.64,2026-01-22 18:54:00,12.96516,77.645673
V5827,Route-B,35.93,2026-01-21 19:02:00,13.067691,77.608978
V6509,Route-A,37.75,2026-01-25 17:10:00,19.042171,72.868149
V3434,Route-E,38.69,2026-01-21 17:26:00,19.173554,72.883183
V7756,Route-C,25.44,2026-01-26 20:13:00,17.370611,78.458689
V6938,Route-A,18.17,2026-01-20 17:21:00,19.113021,72.915459
V6211,Route-D,31.57,2026-01-25 17:38:00,13.020408,80.358966
V1097,Route-B,30.91,2026-01-25 19:36:00,12.928007,77.513838
V3912,Route-D,29.13,2026-01-24 18:36:00,13.062441,77.577283
V2067,Route-B,44.12,2026-01-20 17:12:00,17.363917,78.463384
V3648,Route-C,29.39,2026-01-24 19:07:00,13.071584,77.590356
V9443,Route-C,15.2,2026-01-24 20:46:00,28.781311,77.127015
V7708,Route-D,21.06,2026-01-26 19:57:00,17.29944,78.483291
V3400,Route-B,39.06,2026-01-26 19:02:00,28.659007,77.039275
V7246,Route-D,44.3,2026-01-25 18:05:00,17.361278,78.480938
V6040,Route-E,54.25,2026-01-22 20:50:00,17.45999,78.419484
V1141,Route-D,37.31,2026-01-26 20:50:00,17.3844,78.542047
V7897,Route-C,27.81,2026-01-21 19:21:00,28.79892,77.175802
V8749,Route-C,45.98,2026-01-23 17:35:00,12.979083,77.497019
V1741,Route-D,36.98,2026-01-25 17:16:00,13.038541,77.608606
V6970,Route-A,27.09,2026-01-24 17:05:00,13.17664,80.209802
V2716,Route-C,27.6,2026-01-20 17:59:00,19.120098,72.790047
V8995,Route-C,41.41,2026-01-24 17:12:00,12.950487,77.523784
V3648,Route-E,45.98,2026-01-26 18:25:00,12.993419,77.516202
V2165,Route-C,18.5,2026-01-26 17:46:00,13.100427,80.311254
V3804,Route-D,42.83,2026-01-22 17:41:00,13.009165,77.65385
V6159,Route-E,22.55,2026-01-23 19:26:00,12.958716,77.592189
V5893,Route-C,33.22,2026-01-22 20:38:00,28.629234,77.161421
V6339,Route-C,37.77,2026-01-21 19:48:00,17.39287,78.573017
V3060,Route-E,34.99,2026-01-26 19:40:00,13.037808,80.283673
V3351,Route-D,44.57,2026-01-22 20:07:00,17.443245,78.568237
V4563,Route-B,37.0,2026-01-21 20:12:00,28.711558,77.062117
V2925,Route-B,40.13,2026-01-26 20:10:00,12.908664,77.545652
V6297,Route-C,53.33,2026-01-20 18:20:00,18.987808,72.908907
V2300,Route-C,20.72,2026-01-22 17:37:00,17.410137,78.509113
V9246,Route-D,15.56,2026-01-23 19:34:00,12.880956,77.593993
V6671,Route-A,49.15,2026-01-21 18:16:00,13.167317,80.227887
V9726,Route-E,39.62,2026-01-25 18:29:00,19.130523,72.84464
V8529,Route-A,24.37,2026-01-24 18:18:00,19.029839,72.934534
V4692,Route-D,54.43,2026-01-25 19:32:00,19.025213,72.919192
V3721,Route-E,49.84,2026-01-21 17:45:00,19.015543,72.915073
V5840,Route-E,21.33,2026-01-20 18:53:00,17.478139,78.480433
V1892,Route-E,36.36,2026-01-24 17:45:00,17.289699,78.40894
V3819,Route-E,42.74,2026-01-24 20:40:00,19.020133,72.921818
V9057,Route-A,45.37,2026-01-23 17:23:00,17.380066,78.577905
V7090,Route-D,35.84,2026-01-25 19:35:00,28.763633,77.030513
V3830,Route-E,18.43,2026-01-20 19:46:00,17.464963,78.426277
V8532,Route-C,48.36,2026-01-25 18:07:00,13.129749,80.353041
V5881,Route-D,26.12,2026-01-26 20:02:00,13.168928,80.202593
V9595,Route-B,44.07,2026-01-22 18:54:00,28.681929,77.043776
V9793,Route-A,23.33,2026-01-26 20:25:00,13.077049,80.269758
V1919,Route-D,43.94,2026-01-24 19:59:00,13.069873,77.629055
V5915,Route-C,25.66,2026-01-24 19:24:00,12.904467,77.610036
V6016,Route-E,43.65,2026-01-26 18:11:00,13.090269,80.366973
V6772,Route-C,42.3,2026-01-22 18:32:00,13.042823,80.219155
V7853,Route-B,42.52,2026-01-22 17:48:00,17.482419,78.394287
V2440,Route-B,33.42,2026-01-21 19:26:00,28.802555,77.034594
V4581,Route-D,37.76,2026-01-20 17:49:00,12.926621,77.667045
V3458,Route-B,37.31,2026-01-24 18:08:00,13.010223,80.280231
V8956,Route-A,49.42,2026-01-20 17:33:00,13.158893,80.270827
V2802,Route-D,46.08,2026-01-20 19:06:00,19.061067,72.961098
V8004,Route-C,48.61,2026-01-25 20:26:00,17.467716,78.533072
V1376,Route-E,46.5,2026-01-26 18:28:00,28.784837,77.197229
V1729,Route-B,32.21,2026-01-21 19:40:00,12.889096,77.63229
V2277,Route-D,37.54,2026-01-23 20:07:00,13.040464,80.207089
V1409,Route-B,42.9,2026-01-21 20:58:00,12.905729,77.580347
V8031,Route-D,33.46,2026-01-20 18:22:00,18.994048,72.838162
V2685,Route-D,38.86,2026-01-25 20:41:00,13.179664,80.174617
V6568,Route-A,51.68,2026-01-25 19:12:00,28.633159,77.129169
V5691,Route-A,39.88,2026-01-26 18:19:00,18.97885,72.901801
V5973,Route-E,42.48,2026-01-25 17:33:00,12.97139,77.495537
V6794,Route-C,38.77,2026-01-21 18:53:00,13.013184,80.330484
V8133,Route-B,34.52,2026-01-23 18:32:00,28.682273,77.045377
V5937,Route-D,48.6,2026-01-24 18:33:00,17.334454,78.558616
V1211,Route-B,19.66,2026-01-21 17:13:00,12.983793,77.524169
V3249,Route-C,38.16,2026-01-21 20:46:00,17.291135,78.420231
V4445,Route-C,31.58,2026-01-26 18:07:00,13.006696,80.32064
V2352,Route-D,30.16,2026-01-25 19:43:00,19.054326,72.817304
V1098,Route-A,27.48,2026-01-20 18:25:00,13.172236,80.352411
V5543,Route-C,29.4,2026-01-24 17:04:00,28.726708,77.052197
V7441,Route-A,33.29,2026-01-26 18:14:00,12.991834,77.649847
V9110,Route-A,58.26,2026-01-24 17:59:00,28.744157,77.027248
V7942,Route-C,24.84,2026-01-24 20:13:00,28.67013,77.025572
V8357,Route-D,37.79,2026-01-22 17:53:00,17.365117,78.564572
V7968,Route-D,30.01,2026-01-20 18:07:00,19.015371,72.935655
V1911,Route-C,30.41,2026-01-20 18:40:00,19.172639,72.860133
V9601,Route-A,34.68,2026-01-24 19:29:00,17.309096,78.447804
V5637,Route-E,35.52,2026-01-26 20:10:00,17.385211,78.431473
V8169,Route-A,45.95,2026-01-21 20:40:00,19.098414,72.829307
V2791,Route-A,19.34,2026-01-24 17:51:00,13.156193,80.225732
V2324,Route-B,41.33,2026-01-25 17:41:00,17.390936,78.510904
V3193,Route-D,44.67,2026-01-25 19:54:00,19.171252,72.891549
V6963,Route-C,41.33,2026-01-21 18:41:00,19.057119,72.960298
V4674,Route-A,25.8,2026-01-23 19:21:00,17.471753,78.398763
V3900,Route-A,32.69,2026-01-21 19:28:00,19.012974,72.798117
V5113,Route-D,23.6,2026-01-26 18:35:00,12.953036,77.6256
V7607,Route-A,22.15,2026-01-23 18:41:00,28.622605,77.195013
V2616,Route-B,19.52,2026-01-23 17:50:00,12.944616,77.525876
V3978,Route-C,39.24,2026-01-24 18:03:00,13.051943,80.202152
V7536,Route-D,30.16,2026-01-20 19:04:00,13.058067,77.642048
V9860,Route-D,36.17,2026-01-25 19:49:00,28.661095,77.161277
V4378,Route-C,48.78,2026-01-25 18:58:00,12.874358,77.566542
V8707,Route-B,57.67,2026-01-22 18:02:00,12.9154,77.647831
V4348,Route-B,19.85,2026-01-23 20:57:00,28.701109,77.093547
V6345,Route-C,42.26,2026-01-20 17:19:00,19.119957,72.833204
V8426,Route-E,30.26,2026-01-24 20:31:00,18.997114,72.89282
V9646,Route-A,19.86,2026-01-22 19:42:00,12.922177,77.656528
V7157,Route-A,32.27,2026-01-21 17:46:00,13.030942,80.301805
V8856,Route-B,21.68,2026-01-25 18:52:00,12.890292,77.672713
V2780,Route-A,18.39,2026-01-23 18:14:00,17.374483,78.438501
V8891,Route-B,28.43,2026-01-25 18:51:00,12.881339,77.63907
V5948,Route-E,25.44,2026-01-21 17:56:00,17.360006,78.507598
V2493,Route-D,36.11,2026-01-21 19:09:00,13.00027,77.566988
V9592,Route-A,41.8,2026-01-20 19:27:00,19.156983,72.938292
V3050,Route-B,39.98,2026-01-23 17:05:00,13.003586,77.584342
V6131,Route-C,39.21,2026-01-23 17:36:00,17.463416,78.494609
V1945,Route-C,29.32,2026-01-22 19:50:00,19.065596,72.96594
V4879,Route-A,38.16,2026-01-22 20:05:00,17.401086,78.388409
V1036,Route-D,16.16,2026-01-25 20:16:00,28.75921,77.182076
V8857,Route-C,32.44,2026-01-26 19:29:00,19.061719,72.912792
V5989,Route-E,45.66,2026-01-21 18:22:00,13.114105,80.323042
V5638,Route-A,21.41,2026-01-22 18:55:00,13.114465,80.242766
V7462,Route-C,28.6,2026-01-25 19:45:00,17.385941,78.579752
V2726,Route-C,25.81,2026-01-21 17:37:00,28.790835,77.172427
V9592,Route-D,43.11,2026-01-26 19:23:00,18.998231,72.974285
V4968,Route-A,37.49,2026-01-23 17:23:00,19.113392,72.873007
V7734,Route-D,39.49,2026-01-26 18:32:00,13.02525,80.252403
V6345,Route-A,29.46,2026-01-21 19:42:00,28.689044,77.076998
V7573,Route-A,49.72,2026-01-23 20:41:00,28.718337,77.016611
V2240,Route-E,27.05,2026-01-24 20:08:00,17.441404,78.484977
V9142,Route-A,18.51,2026-01-25 17:33:00,28.609586,77.090377
V8590,Route-D,45.59,2026-01-26 19:18:00,13.112995,80.311949
V1511,Route-D,26.03,2026-01-22 19:40:00,13.165711,80.266387
V4569,Route-E,26.45,2026-01-22 20:58:00,13.003179,77.655829
V5552,Route-E,54.46,2026-01-22 19:10:00,13.010609,77.622072
V1770,Route-D,29.36,2026-01-25 18:22:00,19.096764,72.86061
V3686,Route-E,24.82,2026-01-22 19:42:00,19.170965,72.859278
V5385,Route-C,32.9,2026-01-25 19:10:00,12.990172,80.258388
V7350,Route-E,34.04,2026-01-23 20:53:00,18.995743,72.949007
V7904,Route-B,26.99,2026-01-22 17:21:00,17.399268,78.388631
V5205,Route-B,33.83,2026-01-23 19:10:00,12.929698,77.52673
V3213,Route-D,30.65,2026-01-20 19:43:00,13.038734,80.259939
V7036,Route-E,38.67,2026-01-24 20:48:00,17.291473,78.435941
V9400,Route-E,29.42,2026-01-25 19:12:00,13.147288,80.213559
V5645,Route-B,53.58,2026-01-25 18:14:00,17.440848,78.546217
V9965,Route-E,26.1,2026-01-20 19:25:00,12.903191,77.654041
V6169,Route-E,52.1,2026-01-21 17:30:00,28.756614,77.188225
V4027,Route-B,55.83,2026-01-20 18:46:00,13.181816,80.269516
V3310,Route-A,36.29,2026-01-25 19:34:00,13.159438,80.370226
V9810,Route-B,50.45,2026-01-22 20:56:00,12.93693,77.554722
V7544,Route-B,34.01,2026-01-24 17:23:00,13.07315,80.317305
V6792,Route-C,14.71,2026-01-24 20:35:00,12.914799,77.520573
V8803,Route-D,53.13,2026-01-25 20:47:00,17.379364,78.534335
V1198,Route-A,56.59,2026-01-20 19:05:00,28.630659,77.19317
V9258,Route-A,22.0,2026-01-20 17:13:00,12.999177,77.548053
V2077,Route-A,19.25,2026-01-24 19:06:00,17.391576,78.551926
V1470,Route-E,51.17,2026-01-22 18:16:00,17.296449,78.412086
V9510,Route-D,29.9,2026-01-23 17:11:00,17.308887,78.441944
V1721,Route-D,26.82,2026-01-20 17:43:00,12.905804,77.559388
V5397,Route-C,21.3,2026-01-26 17:14:00,28.801328,77.200844
V6802,Route-C,47.98,2026-01-20 18:28:00,12.949735,77.496882
V3406,Route-A,26.53,2026-01-24 17:06:00,17.442882,78.537664
V5826,Route-D,29.65,2026-01-24 20:40:00,13.085479,80.180654
V2179,Route-D,34.77,2026-01-20 19:29:00,28.627987,77.18297
V7316,Route-B,24.28,2026-01-22 20:56:00,19.076441,72.970687
V7050,Route-A,41.52,2026-01-23 19:45:00,17.444522,78.436931
V1790,Route-A,32.29,2026-01-24 20:42:00,28.752043,77.112379
V4384,Route-D,42.7,2026-01-24 20:33:00,13.169899,80.283012
V9010,Route-D,34.53,2026-01-26 17:06:00,13.026476,77.618639
V8771,Route-C,50.32,2026-01-22 17:21:00,12.9501,77.534487
V7665,Route-A,40.19,2026-01-23 17:57:00,17.346668,78.584708
V4647,Route-D,45.93,2026-01-23 20:59:00,28.65834,77.150272
V8213,Route-B,45.13,2026-01-24 18:19:00,13.128588,80.235741
V7611,Route-B,33.95,2026-01-23 17:33:00,13.062494,80.229527
V7196,Route-D,33.04,2026-01-26 19:38:00,19.075725,72.851269
V9521,Route-E,58.66,2026-01-20 17:56:00,17.433558,78.568494
V4123,Route-B,33.65,2026-01-26 18:12:00,17.365278,78.413251
V9294,Route-C,13.87,2026-01-21 17:33:00,13.003818,77.665878
V3785,Route-C,25.79,2026-01-21 19:06:00,13.024323,80.297367
V7100,Route-A,24.02,2026-01-21 18:49:00,18.977769,72.817275
V2783,Route-B,42.18,2026-01-26 20:01:00,13.091487,80.3295
V7603,Route-B,25.29,2026-01-20 20:12:00,28.790197,77.052557
V6704,Route-A,17.3,2026-01-23 19:33:00,12.946069,77.667874
V8308,Route-B,39.02,2026-01-23 17:56:00,28.69477,77.195729
V7617,Route-C,37.62,2026-01-26 17:23:00,19.111816,72.849324
V3602,Route-E,20.36,2026-01-21 18:28:00,19.171352,72.902416
V7460,Route-E,56.04,2026-01-26 17:29:00,12.985368,77.62562
V3400,Route-E,48.87,2026-01-26 18:12:00,19.070091,72.810823
V4217,Route-A,27.64,2026-01-25 17:58:00,12.966183,77.600723
V5910,Route-D,38.85,2026-01-23 19:38:00,28.675561,77.110761
V7175,Route-B,23.61,2026-01-20 17:00:00,19.163216,72.878472
V5984,Route-E,31.07,2026-01-23 19:38:00,28.685642,77.166482
V2789,Route-B,38.16,2026-01-25 19:48:00,28.607182,77.099459
V4175,Route-E,28.77,2026-01-22 18:04:00,19.012098,72.911112
V1398,Route-E,26.38,2026-01-22 19:36:00,28.78364,77.082955
V4166,Route-B,28.93,2026-01-20 19:07:00,28.616598,77.143005
V3554,Route-B,35.2,2026-01-22 18:00:00,17.482689,78.537847
V6603,Route-A,42.45,2026-01-26 18:40:00,17.361904,78.567573
V3008,Route-E,37.53,2026-01-25 20:30:00,28.653577,77.126159
V1678,Route-A,25.84,2026-01-23 19:35:00,28.755426,77.158929
V8462,Route-D,40.06,2026-01-23 17:35:00,19.118726,72.782344
V1248,Route-D,42.67,2026-01-24 18:11:00,19.175923,72.891115
V8252,Route-B,48.96,2026-01-26 19:28:00,13.019917,80.350602
V6279,Route-D,35.98,2026-01-20 18:15:00,28.746913,77.01551
V4051,Route-C,53.26,2026-01-23 19:53:00,13.029268,80.363505
V9850,Route-D,29.41,2026-01-22 19:23:00,12.886935,77.567291
V5712,Route-A,45.36,2026-01-22 18:52:00,17.312325,78.532848
V4926,Route-E,37.15,2026-01-25 20:48:00,13.052002,80.244249
V3123,Route-A,18.64,2026-01-26 18:25:00,17.337118,78.49916
V2651,Route-B,52.3,2026-01-24 20:36:00,17.352933,78.4915
V3847,Route-B,36.43,2026-01-23 18:29:00,13.017225,80.257942
V2039,Route-D,31.1,2026-01-23 19:34:00,17.285107,78.551002
V7791,Route-D,44.1,2026-01-23 18:02:00,17.433299,78.567127
V1895,Route-E,42.98,2026-01-22 20:53:00,17.361127,78.416328
V1459,Route-B,19.37,2026-01-24 20:35:00,13.008667,77.548271
V8632,Route-B,16.79,2026-01-26 18:44:00,28.717436,77.024204
V4021,Route-D,27.57,2026-01-26 20:50:00,19.049537,72.961227
V8592,Route-B,25.36,2026-01-25 20:41:00,13.010759,77.609884
V4131,Route-A,34.81,2026-01-26 17:36:00,19.052566,72.788001
V5853,Route-E,19.36,2026-01-22 17:40:00,17.459187,78.573381
V9346,Route-A,45.62,2026-01-22 20:12:00,13.019886,80.308831
V8767,Route-A,35.81,2026-01-25 20:36:00,28.784047,77.068529
V3666,Route-B,26.0,2026-01-25 18:48:00,17.294402,78.411489
V1780,Route-A,35.09,2026-01-25 20:58:00,28.744975,77.148975
V6999,Route-C,20.03,2026-01-23 19:27:00,17.296528,78.442537
V5243,Route-B,21.69,2026-01-21 19:40:00,12.985194,77.581164
V5109,Route-B,39.2,2026-01-22 18:01:00,13.139269,80.215127
V1097,Route-E,38.18,2026-01-20 18:47:00,17.332047,78.390427
V6219,Route-E,25.93,2026-01-21 18:10:00,19.17096,72.879336
V3373,Route-E,38.52,2026-01-26 17:43:00,17.309727,78.438494
V3765,Route-D,52.88,2026-01-26 20:58:00,19.174407,72.890966
V9331,Route-D,41.39,2026-01-21 17:33:00,19.075296,72.928725
V7495,Route-B,37.47,2026-01-22 17:37:00,28.746624,77.119156
V6080,Route-A,22.52,2026-01-25 20:25:00,13.014937,77.616878
V7713,Route-A,54.4,2026-01-20 20:24:00,17.481234,78.496189
V1728,Route-A,49.81,2026-01-22 18:32:00,13.126049,80.323731
V9087,Route-D,23.25,2026-01-26 20:14:00,19.062397,72.847962
V2404,Route-E,25.85,2026-01-22 18:08:00,19.103276,72.85609
V7803,Route-E,45.69,2026-01-22 19:20:00,17.398676,78.579566
V7500,Route-E,24.21,2026-01-22 20:28:00,17.397339,78.39834
V2227,Route-E,37.01,2026-01-26 18:27:00,17.463011,78.393575
V7421,Route-D,38.83,2026-01-26 19:20:00,19.109398,72.823128
V8572,Route-B,54.57,2026-01-21 18:36:00,19.135091,72.872086
V9067,Route-C,30.02,2026-01-23 18:52:00,13.089729,80.272826
V8094,Route-A,56.98,2026-01-20 19:50:00,13.001702,80.184599
V1173,Route-E,45.03,2026-01-22 18:14:00,12.939653,77.512776
V6100,Route-C,21.52,2026-01-23 20:21:00,12.993298,77.54686
V3988,Route-A,20.25,2026-01-24 17:27:00,19.173821,72.947195
V2030,Route-E,44.14,2026-01-25 18:38:00,13.137132,80.310611
V6584,Route-E,45.93,2026-01-25 20:06:00,19.135537,72.80328
V2845,Route-C,31.17,2026-01-20 19:04:00,19.113391,72.838751
V9340,Route-E,14.02,2026-01-22 19:58:00,28.6341,77.098921
V5864,Route-E,37.61,2026-01-24 17:56:00,17.343354,78.499027
V7832,Route-B,33.66,2026-01-22 20:59:00,17.349862,78.458016
V5873,Route-C,16.05,2026-01-20 17:21:00,28.718898,77.021628
V6453,Route-A,34.53,2026-01-23 18:00:00,13.120816,80.24983
V6278,Route-D,20.96,2026-01-22 19:26:00,13.057855,80.194796
V7058,Route-D,57.27,2026-01-25 17:49:00,28.773035,77.128917
V9188,Route-D,44.15,2026-01-23 17:21:00,28.790579,77.169007
V9253,Route-A,35.55,2026-01-20 19:50:00,13.02041,80.336786
V5312,Route-E,27.26,2026-01-26 18:12:00,13.000548,80.314411
V5775,Route-E,41.64,2026-01-24 19:10:00,13.011902,80.291978
V7734,Route-D,50.68,2026-01-21 19:48:00,28.702588,77.139649
V6494,Route-E,17.43,2026-01-22 18:59:00,19.129516,72.953755
V7326,Route-B,33.77,2026-01-21 18:52:00,19.104988,72.960766
V3605,Route-D,28.4,2026-01-24 17:41:00,17.357084,78.51902
V9262,Route-A,23.02,2026-01-21 18:28:00,28.70737,77.155819
V5616,Route-B,18.97,2026-01-26 20:06:00,17.36596,78.477292
V3475,Route-E,53.08,2026-01-20 17:56:00,19.119153,72.817213
V5951,Route-A,30.33,2026-01-23 19:38:00,17.330957,78.526446
V3727,Route-D,46.74,2026-01-26 18:08:00,28.684986,77.076436
V2478,Route-C,18.88,2026-01-21 18:24:00,13.158827,80.237862
V9860,Route-D,45.52,2026-01-22 18:25:00,13.151423,80.172102
V7323,Route-A,36.86,2026-01-23 20:23:00,19.12429,72.80605
V5395,Route-C,46.5,2026-01-24 20:33:00,12.963563,77.661038
V6163,Route-C,23.22,2026-01-23 19:46:00,12.99513,80.226473
V4666,Route-B,49.89,2026-01-26 18:49:00,28.632549,77.167006
V5343,Route-D,46.3,2026-01-23 17:28:00,28.716144,77.14356
V3585,Route-B,56.39,2026-01-20 20:54:00,12.972099,77.497286
V1673,Route-D,43.9,2026-01-26 18:43:00,19.128973,72.957056
V6329,Route-C,29.85,2026-01-22 18:16:00,12.918004,77.539527
V5092,Route-A,25.25,2026-01-24 20:55:00,12.909034,77.573375
V1515,Route-B,45.11,2026-01-25 17:13:00,19.052185,72.965283
V3597,Route-E,15.27,2026-01-25 20:22:00,17.42995,78.508124
V4978,Route-C,20.14,2026-01-20 20:54:00,17.321291,78.577965
V4462,Route-E,28.05,2026-01-26 19:19:00,12.942231,77.637708
V8413,Route-C,31.85,2026-01-21 19:07:00,17.324595,78.527277
V6099,Route-B,19.05,2026-01-21 17:07:00,19.127548,72.907793
V7201,Route-B,36.61,2026-01-21 17:36:00,12.901679,77.516306
V5382,Route-C,30.68,2026-01-25 19:24:00,12.889203,77.497477
V3636,Route-C,13.64,2026-01-25 18:10:00,28.606554,77.130133
